,raised_amnt,raised_amnt,raised_amnt,winsorized_goal,winsorized_goal,winsorized_goal
,count,mean,std,count,mean,std
ndi_quantile_f,,,,,,
1 (least deprived),53096,7402.941954196173,12184.607049775404,51937,19000.141267304618,22188.291342278208
2,42621,6009.277609629056,10740.332693380995,41607,17693.079025164036,21739.73298462193
3,35499,5775.413955322685,12183.31847375345,34617,17941.098246526275,21926.815658631982
4 (most deprived),12356,4857.865085788281,9797.489843823778,12074,16363.954033460328,21092.58592253815
