,raised_amnt,p_value
num_contributors,0.8887348244008916,0.0
shares,0.5406951774282012,0.0
winsorized_goal,0.48346111863972263,0.0
raised_amnt,1.0,
