,raised_amnt,p_value
num_contributors,0.8887898273894519,0.0
shares,0.5405618026163191,0.0
winsorized_goal,0.4832083013338174,0.0
raised_amnt,1.0,
